{"name":"build-javascript","namedChunkGroups":{"app":{"name":"app","assets":[{"name":"webpack-runtime-7102a29d0b04bcd551e7.js","size":4018},{"name":"styles.c6df6b76ff3a7c6b6240.css","size":131471},{"name":"framework-8cb3c00d0f3b2aabea4b.js","size":141426},{"name":"app-3621c8f149a76afa4fcd.js","size":80471}],"filteredAssets":0,"assetsSize":357386,"filteredAuxiliaryAssets":11,"auxiliaryAssetsSize":1618598},"component---src-pages-404-js":{"name":"component---src-pages-404-js","assets":[{"name":"component---src-pages-404-js-16590b67180a8b88abc4.js","size":1485}],"filteredAssets":0,"assetsSize":1485,"filteredAuxiliaryAssets":1,"auxiliaryAssetsSize":3329},"component---src-pages-index-js":{"name":"component---src-pages-index-js","assets":[{"name":"styles.c6df6b76ff3a7c6b6240.css","size":131471},{"name":"framework-8cb3c00d0f3b2aabea4b.js","size":141426},{"name":"fde5648610874eccf4d99ab6fd818f479ba6ee51-71ab57c9a1887ca4c8b3.js","size":21098},{"name":"component---src-pages-index-js-b46ff17a1ddad3c911fe.js","size":276604}],"filteredAssets":0,"assetsSize":570599,"filteredAuxiliaryAssets":13,"auxiliaryAssetsSize":2791112},"component---src-templates-single-service-js":{"name":"component---src-templates-single-service-js","assets":[{"name":"styles.c6df6b76ff3a7c6b6240.css","size":131471},{"name":"fde5648610874eccf4d99ab6fd818f479ba6ee51-71ab57c9a1887ca4c8b3.js","size":21098},{"name":"component---src-templates-single-service-js-ecc705325fceeb9e6150.js","size":1485}],"filteredAssets":0,"assetsSize":154054,"filteredAuxiliaryAssets":11,"auxiliaryAssetsSize":1088370}},"assetsByChunkName":{"app":["webpack-runtime-7102a29d0b04bcd551e7.js","styles.c6df6b76ff3a7c6b6240.css","framework-8cb3c00d0f3b2aabea4b.js","app-3621c8f149a76afa4fcd.js"],"component---src-pages-404-js":["component---src-pages-404-js-16590b67180a8b88abc4.js"],"component---src-pages-index-js":["styles.c6df6b76ff3a7c6b6240.css","framework-8cb3c00d0f3b2aabea4b.js","fde5648610874eccf4d99ab6fd818f479ba6ee51-71ab57c9a1887ca4c8b3.js","component---src-pages-index-js-b46ff17a1ddad3c911fe.js"],"component---src-templates-single-service-js":["styles.c6df6b76ff3a7c6b6240.css","fde5648610874eccf4d99ab6fd818f479ba6ee51-71ab57c9a1887ca4c8b3.js","component---src-templates-single-service-js-ecc705325fceeb9e6150.js"]},"childAssetsByChunkName":{}}