{"data":{"allStrapiService":{"nodes":[{"url":"imperial","title":"Імператорський","category":"service","text":{"data":{"text":"Імператорський текст"}},"localizations":{"data":[{"attributes":{"text":"Imperial text","title":"Imperial"}}]},"image":{"localFile":{"childImageSharp":{"gatsbyImageData":{"layout":"constrained","backgroundColor":"#080808","images":{"fallback":{"src":"/static/69960f5d080b7d9fd9b8cf61fa16851f/27697/2_111642515c.jpg","srcSet":"/static/69960f5d080b7d9fd9b8cf61fa16851f/f726c/2_111642515c.jpg 125w,\n/static/69960f5d080b7d9fd9b8cf61fa16851f/38864/2_111642515c.jpg 250w,\n/static/69960f5d080b7d9fd9b8cf61fa16851f/27697/2_111642515c.jpg 500w","sizes":"(min-width: 500px) 500px, 100vw"},"sources":[{"srcSet":"/static/69960f5d080b7d9fd9b8cf61fa16851f/33105/2_111642515c.webp 125w,\n/static/69960f5d080b7d9fd9b8cf61fa16851f/db940/2_111642515c.webp 250w,\n/static/69960f5d080b7d9fd9b8cf61fa16851f/d7111/2_111642515c.webp 500w","type":"image/webp","sizes":"(min-width: 500px) 500px, 100vw"}]},"width":500,"height":667}}}}},{"url":"royal","title":"Королівський","category":"service","text":{"data":{"text":"Королівський текст"}},"localizations":{"data":[{"attributes":{"text":"Royal text","title":"Royal"}}]},"image":{"localFile":{"childImageSharp":{"gatsbyImageData":{"layout":"constrained","backgroundColor":"#080808","images":{"fallback":{"src":"/static/ad69609d33fabd8ab5528d4071154881/d8795/Jelina_dde577156d.jpg","srcSet":"/static/ad69609d33fabd8ab5528d4071154881/1e342/Jelina_dde577156d.jpg 213w,\n/static/ad69609d33fabd8ab5528d4071154881/fede8/Jelina_dde577156d.jpg 427w,\n/static/ad69609d33fabd8ab5528d4071154881/d8795/Jelina_dde577156d.jpg 853w","sizes":"(min-width: 853px) 853px, 100vw"},"sources":[{"srcSet":"/static/ad69609d33fabd8ab5528d4071154881/7a29f/Jelina_dde577156d.webp 213w,\n/static/ad69609d33fabd8ab5528d4071154881/2d9ee/Jelina_dde577156d.webp 427w,\n/static/ad69609d33fabd8ab5528d4071154881/ecde2/Jelina_dde577156d.webp 853w","type":"image/webp","sizes":"(min-width: 853px) 853px, 100vw"}]},"width":853,"height":1280}}}}}]}}}