{"data":{"allStrapiRule":{"edges":[{"node":{"description":{"data":{"description":"Наша студія дорожить своїм статусом і поважає репутацію кожного відвідувача, тому наполегливо просимо вас дотримуватися правил відвідування, встановлені нашим закладом, і враховувати деякі нюанси."}},"rule1":{"data":{"rule1":"Наші відвідувачі - виключно люди, які досягли 18 років."}},"rule2":{"data":{"rule2":"Наші відвідувачі - виключно люди, які досягли 18 років."}},"rule3":{"data":{"rule3":"Наші відвідувачі - виключно люди, які досягли 18 років."}},"rule4":{"data":{"rule4":"Наші відвідувачі - виключно люди, які досягли 18 років."}},"rule5":{"data":{"rule5":"Наші відвідувачі - виключно люди, які досягли 18 років."}},"rule6":{"data":{"rule6":"Наші відвідувачі - виключно люди, які досягли 18 років."}},"rule7":{"data":{"rule7":"Наші відвідувачі - виключно люди, які досягли 18 років."}},"localizations":{"data":[{"attributes":{"description":"Our studio values its status and respects the reputation of each visitor, so we strongly ask you to follow the visiting rules established by our institution and take some nuances into account. /","rule1":"Our visitors are exclusively people who have reached the age of 18.","rule2":"Our visitors are exclusively people who have reached the age of 18.","rule3":"Our visitors are exclusively people who have reached the age of 18.","rule5":"Our visitors are exclusively people who have reached the age of 18.","rule4":"Our visitors are exclusively people who have reached the age of 18.","rule6":"Our visitors are exclusively people who have reached the age of 18.","rule7":"Our visitors are exclusively people who have reached the age of 18."}}]}}}]}}}