{"data":{"strapiInterier":{"image":[{"localFile":{"childImageSharp":{"gatsbyImageData":{"layout":"constrained","backgroundColor":"#080808","images":{"fallback":{"src":"/static/69960f5d080b7d9fd9b8cf61fa16851f/27697/2_5cfc70bdf6.jpg","srcSet":"/static/69960f5d080b7d9fd9b8cf61fa16851f/f726c/2_5cfc70bdf6.jpg 125w,\n/static/69960f5d080b7d9fd9b8cf61fa16851f/38864/2_5cfc70bdf6.jpg 250w,\n/static/69960f5d080b7d9fd9b8cf61fa16851f/27697/2_5cfc70bdf6.jpg 500w","sizes":"(min-width: 500px) 500px, 100vw"},"sources":[{"srcSet":"/static/69960f5d080b7d9fd9b8cf61fa16851f/33105/2_5cfc70bdf6.webp 125w,\n/static/69960f5d080b7d9fd9b8cf61fa16851f/db940/2_5cfc70bdf6.webp 250w,\n/static/69960f5d080b7d9fd9b8cf61fa16851f/d7111/2_5cfc70bdf6.webp 500w","type":"image/webp","sizes":"(min-width: 500px) 500px, 100vw"}]},"width":500,"height":667}}}},{"localFile":{"childImageSharp":{"gatsbyImageData":{"layout":"constrained","backgroundColor":"#080808","images":{"fallback":{"src":"/static/f62de35a594a227b68dc0a5efdb24b12/2b091/night_fb12e232c0.jpg","srcSet":"/static/f62de35a594a227b68dc0a5efdb24b12/80ee1/night_fb12e232c0.jpg 260w,\n/static/f62de35a594a227b68dc0a5efdb24b12/bff18/night_fb12e232c0.jpg 519w,\n/static/f62de35a594a227b68dc0a5efdb24b12/2b091/night_fb12e232c0.jpg 1038w","sizes":"(min-width: 1038px) 1038px, 100vw"},"sources":[{"srcSet":"/static/f62de35a594a227b68dc0a5efdb24b12/81a58/night_fb12e232c0.webp 260w,\n/static/f62de35a594a227b68dc0a5efdb24b12/643da/night_fb12e232c0.webp 519w,\n/static/f62de35a594a227b68dc0a5efdb24b12/6cb04/night_fb12e232c0.webp 1038w","type":"image/webp","sizes":"(min-width: 1038px) 1038px, 100vw"}]},"width":1038,"height":1280}}}}]}}}