{"data":{"allStrapiPrice":{"edges":[{"node":{"title":"Королівський","time1":"60min","time2":"90min","time3":"120min","girl1time1price":"3500","girl1time2price":"4500","girl1time3price":"6000","girl2time1price":"5500","girl2time2price":"6500","girl3time3price":"8000","localizations":{"data":[{"attributes":{"title":"Royal"}}]}}},{"node":{"title":"Імператорський","time1":"60min","time2":"90min","time3":"120min","girl1time1price":"3500","girl1time2price":"4500","girl1time3price":"6000","girl2time1price":"5500","girl2time2price":"6500","girl3time3price":"8000","localizations":{"data":[{"attributes":{"title":"Imperial"}}]}}}]}}}