{"data":{"allStrapiModel":{"edges":[{"node":{"id":"14a3830a-4d89-5843-9417-be658de77595","name":"Джеліна","localizations":{"data":[{"attributes":{"name":"Jelina"}}]},"image":[{"localFile":{"childImageSharp":{"gatsbyImageData":{"layout":"constrained","backgroundColor":"#080808","images":{"fallback":{"src":"/static/0749530285747eccddc3e3178f0da5e0/d8795/Jelina4_3dd515b690.jpg","srcSet":"/static/0749530285747eccddc3e3178f0da5e0/1e342/Jelina4_3dd515b690.jpg 213w,\n/static/0749530285747eccddc3e3178f0da5e0/fede8/Jelina4_3dd515b690.jpg 427w,\n/static/0749530285747eccddc3e3178f0da5e0/d8795/Jelina4_3dd515b690.jpg 853w","sizes":"(min-width: 853px) 853px, 100vw"},"sources":[{"srcSet":"/static/0749530285747eccddc3e3178f0da5e0/7a29f/Jelina4_3dd515b690.webp 213w,\n/static/0749530285747eccddc3e3178f0da5e0/2d9ee/Jelina4_3dd515b690.webp 427w,\n/static/0749530285747eccddc3e3178f0da5e0/ecde2/Jelina4_3dd515b690.webp 853w","type":"image/webp","sizes":"(min-width: 853px) 853px, 100vw"}]},"width":853,"height":1280}}}},{"localFile":{"childImageSharp":{"gatsbyImageData":{"layout":"constrained","backgroundColor":"#080808","images":{"fallback":{"src":"/static/a237b4dbf75bef90607e9865fbf0c4fe/d8795/Jelina1_5c6099bdde.jpg","srcSet":"/static/a237b4dbf75bef90607e9865fbf0c4fe/1e342/Jelina1_5c6099bdde.jpg 213w,\n/static/a237b4dbf75bef90607e9865fbf0c4fe/fede8/Jelina1_5c6099bdde.jpg 427w,\n/static/a237b4dbf75bef90607e9865fbf0c4fe/d8795/Jelina1_5c6099bdde.jpg 853w","sizes":"(min-width: 853px) 853px, 100vw"},"sources":[{"srcSet":"/static/a237b4dbf75bef90607e9865fbf0c4fe/7a29f/Jelina1_5c6099bdde.webp 213w,\n/static/a237b4dbf75bef90607e9865fbf0c4fe/2d9ee/Jelina1_5c6099bdde.webp 427w,\n/static/a237b4dbf75bef90607e9865fbf0c4fe/ecde2/Jelina1_5c6099bdde.webp 853w","type":"image/webp","sizes":"(min-width: 853px) 853px, 100vw"}]},"width":853,"height":1280}}}},{"localFile":{"childImageSharp":{"gatsbyImageData":{"layout":"constrained","backgroundColor":"#080808","images":{"fallback":{"src":"/static/151fc9191f8ed382a9e6ce0648d2b14a/d8795/Jelina2_3bc9aab46c.jpg","srcSet":"/static/151fc9191f8ed382a9e6ce0648d2b14a/1e342/Jelina2_3bc9aab46c.jpg 213w,\n/static/151fc9191f8ed382a9e6ce0648d2b14a/fede8/Jelina2_3bc9aab46c.jpg 427w,\n/static/151fc9191f8ed382a9e6ce0648d2b14a/d8795/Jelina2_3bc9aab46c.jpg 853w","sizes":"(min-width: 853px) 853px, 100vw"},"sources":[{"srcSet":"/static/151fc9191f8ed382a9e6ce0648d2b14a/7a29f/Jelina2_3bc9aab46c.webp 213w,\n/static/151fc9191f8ed382a9e6ce0648d2b14a/2d9ee/Jelina2_3bc9aab46c.webp 427w,\n/static/151fc9191f8ed382a9e6ce0648d2b14a/ecde2/Jelina2_3bc9aab46c.webp 853w","type":"image/webp","sizes":"(min-width: 853px) 853px, 100vw"}]},"width":853,"height":1280}}}},{"localFile":{"childImageSharp":{"gatsbyImageData":{"layout":"constrained","backgroundColor":"#080808","images":{"fallback":{"src":"/static/c3eed401fffa98b065148c87f622ca3a/d8795/Jelina3_d2746a1fa6.jpg","srcSet":"/static/c3eed401fffa98b065148c87f622ca3a/1e342/Jelina3_d2746a1fa6.jpg 213w,\n/static/c3eed401fffa98b065148c87f622ca3a/fede8/Jelina3_d2746a1fa6.jpg 427w,\n/static/c3eed401fffa98b065148c87f622ca3a/d8795/Jelina3_d2746a1fa6.jpg 853w","sizes":"(min-width: 853px) 853px, 100vw"},"sources":[{"srcSet":"/static/c3eed401fffa98b065148c87f622ca3a/7a29f/Jelina3_d2746a1fa6.webp 213w,\n/static/c3eed401fffa98b065148c87f622ca3a/2d9ee/Jelina3_d2746a1fa6.webp 427w,\n/static/c3eed401fffa98b065148c87f622ca3a/ecde2/Jelina3_d2746a1fa6.webp 853w","type":"image/webp","sizes":"(min-width: 853px) 853px, 100vw"}]},"width":853,"height":1280}}}},{"localFile":{"childImageSharp":{"gatsbyImageData":{"layout":"constrained","backgroundColor":"#080808","images":{"fallback":{"src":"/static/ad69609d33fabd8ab5528d4071154881/d8795/Jelina_3b0cca6a37.jpg","srcSet":"/static/ad69609d33fabd8ab5528d4071154881/1e342/Jelina_3b0cca6a37.jpg 213w,\n/static/ad69609d33fabd8ab5528d4071154881/fede8/Jelina_3b0cca6a37.jpg 427w,\n/static/ad69609d33fabd8ab5528d4071154881/d8795/Jelina_3b0cca6a37.jpg 853w","sizes":"(min-width: 853px) 853px, 100vw"},"sources":[{"srcSet":"/static/ad69609d33fabd8ab5528d4071154881/7a29f/Jelina_3b0cca6a37.webp 213w,\n/static/ad69609d33fabd8ab5528d4071154881/2d9ee/Jelina_3b0cca6a37.webp 427w,\n/static/ad69609d33fabd8ab5528d4071154881/ecde2/Jelina_3b0cca6a37.webp 853w","type":"image/webp","sizes":"(min-width: 853px) 853px, 100vw"}]},"width":853,"height":1280}}}}]}},{"node":{"id":"5cdefccd-b2b9-5dc4-90d0-963815c89360","name":"Яна","localizations":{"data":[{"attributes":{"name":"Yana"}}]},"image":[{"localFile":{"childImageSharp":{"gatsbyImageData":{"layout":"constrained","backgroundColor":"#080808","images":{"fallback":{"src":"/static/1e308a54e41fc3aea358c82dfec45406/d8795/Yana2_7edc734dda.jpg","srcSet":"/static/1e308a54e41fc3aea358c82dfec45406/1e342/Yana2_7edc734dda.jpg 213w,\n/static/1e308a54e41fc3aea358c82dfec45406/fede8/Yana2_7edc734dda.jpg 427w,\n/static/1e308a54e41fc3aea358c82dfec45406/d8795/Yana2_7edc734dda.jpg 853w","sizes":"(min-width: 853px) 853px, 100vw"},"sources":[{"srcSet":"/static/1e308a54e41fc3aea358c82dfec45406/7a29f/Yana2_7edc734dda.webp 213w,\n/static/1e308a54e41fc3aea358c82dfec45406/2d9ee/Yana2_7edc734dda.webp 427w,\n/static/1e308a54e41fc3aea358c82dfec45406/ecde2/Yana2_7edc734dda.webp 853w","type":"image/webp","sizes":"(min-width: 853px) 853px, 100vw"}]},"width":853,"height":1280}}}},{"localFile":{"childImageSharp":{"gatsbyImageData":{"layout":"constrained","backgroundColor":"#080808","images":{"fallback":{"src":"/static/8678dd11d90d524efbdaf78492223f16/d8795/Yana1_c019a94a59.jpg","srcSet":"/static/8678dd11d90d524efbdaf78492223f16/1e342/Yana1_c019a94a59.jpg 213w,\n/static/8678dd11d90d524efbdaf78492223f16/fede8/Yana1_c019a94a59.jpg 427w,\n/static/8678dd11d90d524efbdaf78492223f16/d8795/Yana1_c019a94a59.jpg 853w","sizes":"(min-width: 853px) 853px, 100vw"},"sources":[{"srcSet":"/static/8678dd11d90d524efbdaf78492223f16/7a29f/Yana1_c019a94a59.webp 213w,\n/static/8678dd11d90d524efbdaf78492223f16/2d9ee/Yana1_c019a94a59.webp 427w,\n/static/8678dd11d90d524efbdaf78492223f16/ecde2/Yana1_c019a94a59.webp 853w","type":"image/webp","sizes":"(min-width: 853px) 853px, 100vw"}]},"width":853,"height":1280}}}},{"localFile":{"childImageSharp":{"gatsbyImageData":{"layout":"constrained","backgroundColor":"#080808","images":{"fallback":{"src":"/static/2c851f822c0410bfc2604274f0d810ec/d8795/Yana_8f4f9ebe45.jpg","srcSet":"/static/2c851f822c0410bfc2604274f0d810ec/1e342/Yana_8f4f9ebe45.jpg 213w,\n/static/2c851f822c0410bfc2604274f0d810ec/fede8/Yana_8f4f9ebe45.jpg 427w,\n/static/2c851f822c0410bfc2604274f0d810ec/d8795/Yana_8f4f9ebe45.jpg 853w","sizes":"(min-width: 853px) 853px, 100vw"},"sources":[{"srcSet":"/static/2c851f822c0410bfc2604274f0d810ec/7a29f/Yana_8f4f9ebe45.webp 213w,\n/static/2c851f822c0410bfc2604274f0d810ec/2d9ee/Yana_8f4f9ebe45.webp 427w,\n/static/2c851f822c0410bfc2604274f0d810ec/ecde2/Yana_8f4f9ebe45.webp 853w","type":"image/webp","sizes":"(min-width: 853px) 853px, 100vw"}]},"width":853,"height":1280}}}}]}},{"node":{"id":"be0098fd-ad8f-519b-a1d1-f86fb74632eb","name":"Кіра","localizations":{"data":[{"attributes":{"name":"Kira"}}]},"image":[{"localFile":{"childImageSharp":{"gatsbyImageData":{"layout":"constrained","backgroundColor":"#080808","images":{"fallback":{"src":"/static/f3e35f34491d0899ef31472f44514cdd/433de/Kira1_821106f692.jpg","srcSet":"/static/f3e35f34491d0899ef31472f44514cdd/8cf44/Kira1_821106f692.jpg 207w,\n/static/f3e35f34491d0899ef31472f44514cdd/f9306/Kira1_821106f692.jpg 414w,\n/static/f3e35f34491d0899ef31472f44514cdd/433de/Kira1_821106f692.jpg 828w","sizes":"(min-width: 828px) 828px, 100vw"},"sources":[{"srcSet":"/static/f3e35f34491d0899ef31472f44514cdd/faea2/Kira1_821106f692.webp 207w,\n/static/f3e35f34491d0899ef31472f44514cdd/3cb4b/Kira1_821106f692.webp 414w,\n/static/f3e35f34491d0899ef31472f44514cdd/6d542/Kira1_821106f692.webp 828w","type":"image/webp","sizes":"(min-width: 828px) 828px, 100vw"}]},"width":828,"height":1072}}}},{"localFile":{"childImageSharp":{"gatsbyImageData":{"layout":"constrained","backgroundColor":"#584838","images":{"fallback":{"src":"/static/9e5cb0f146d9bc343156221f785e6610/a375b/Kira_e23ff00f8e.jpg","srcSet":"/static/9e5cb0f146d9bc343156221f785e6610/4662f/Kira_e23ff00f8e.jpg 301w,\n/static/9e5cb0f146d9bc343156221f785e6610/c7b90/Kira_e23ff00f8e.jpg 602w,\n/static/9e5cb0f146d9bc343156221f785e6610/a375b/Kira_e23ff00f8e.jpg 1204w","sizes":"(min-width: 1204px) 1204px, 100vw"},"sources":[{"srcSet":"/static/9e5cb0f146d9bc343156221f785e6610/3c6b5/Kira_e23ff00f8e.webp 301w,\n/static/9e5cb0f146d9bc343156221f785e6610/410a4/Kira_e23ff00f8e.webp 602w,\n/static/9e5cb0f146d9bc343156221f785e6610/0bd5b/Kira_e23ff00f8e.webp 1204w","type":"image/webp","sizes":"(min-width: 1204px) 1204px, 100vw"}]},"width":1204,"height":1600}}}},{"localFile":{"childImageSharp":{"gatsbyImageData":{"layout":"constrained","backgroundColor":"#382818","images":{"fallback":{"src":"/static/0338d6c51fe65a4872cc6f04e45d32d1/fa12f/Kira4_2428d97eea.jpg","srcSet":"/static/0338d6c51fe65a4872cc6f04e45d32d1/af9fc/Kira4_2428d97eea.jpg 207w,\n/static/0338d6c51fe65a4872cc6f04e45d32d1/70888/Kira4_2428d97eea.jpg 414w,\n/static/0338d6c51fe65a4872cc6f04e45d32d1/fa12f/Kira4_2428d97eea.jpg 828w","sizes":"(min-width: 828px) 828px, 100vw"},"sources":[{"srcSet":"/static/0338d6c51fe65a4872cc6f04e45d32d1/f975f/Kira4_2428d97eea.webp 207w,\n/static/0338d6c51fe65a4872cc6f04e45d32d1/8f3fd/Kira4_2428d97eea.webp 414w,\n/static/0338d6c51fe65a4872cc6f04e45d32d1/c6ad6/Kira4_2428d97eea.webp 828w","type":"image/webp","sizes":"(min-width: 828px) 828px, 100vw"}]},"width":828,"height":1078}}}},{"localFile":{"childImageSharp":{"gatsbyImageData":{"layout":"constrained","backgroundColor":"#080808","images":{"fallback":{"src":"/static/3a70376fbe7923163bccc35f7af1f332/a375b/Kira2_24dffc0623.jpg","srcSet":"/static/3a70376fbe7923163bccc35f7af1f332/4662f/Kira2_24dffc0623.jpg 301w,\n/static/3a70376fbe7923163bccc35f7af1f332/c7b90/Kira2_24dffc0623.jpg 602w,\n/static/3a70376fbe7923163bccc35f7af1f332/a375b/Kira2_24dffc0623.jpg 1204w","sizes":"(min-width: 1204px) 1204px, 100vw"},"sources":[{"srcSet":"/static/3a70376fbe7923163bccc35f7af1f332/3c6b5/Kira2_24dffc0623.webp 301w,\n/static/3a70376fbe7923163bccc35f7af1f332/410a4/Kira2_24dffc0623.webp 602w,\n/static/3a70376fbe7923163bccc35f7af1f332/0bd5b/Kira2_24dffc0623.webp 1204w","type":"image/webp","sizes":"(min-width: 1204px) 1204px, 100vw"}]},"width":1204,"height":1600}}}},{"localFile":{"childImageSharp":{"gatsbyImageData":{"layout":"constrained","backgroundColor":"#080808","images":{"fallback":{"src":"/static/cea7b5b3c51eea3830d78c33a282a93d/ed6db/Kira3_bff16c9b27.jpg","srcSet":"/static/cea7b5b3c51eea3830d78c33a282a93d/3bdd9/Kira3_bff16c9b27.jpg 176w,\n/static/cea7b5b3c51eea3830d78c33a282a93d/b7f95/Kira3_bff16c9b27.jpg 353w,\n/static/cea7b5b3c51eea3830d78c33a282a93d/ed6db/Kira3_bff16c9b27.jpg 705w","sizes":"(min-width: 705px) 705px, 100vw"},"sources":[{"srcSet":"/static/cea7b5b3c51eea3830d78c33a282a93d/74986/Kira3_bff16c9b27.webp 176w,\n/static/cea7b5b3c51eea3830d78c33a282a93d/eebf6/Kira3_bff16c9b27.webp 353w,\n/static/cea7b5b3c51eea3830d78c33a282a93d/dd475/Kira3_bff16c9b27.webp 705w","type":"image/webp","sizes":"(min-width: 705px) 705px, 100vw"}]},"width":705,"height":1058}}}}]}}]}}}