{"data":{"allStrapiAbout":{"edges":[{"node":{"title":"\"Graff\"","text":{"data":{"text":"Ласкаво просимо у новий, найвеличніший салон еротичного масажу у місті Львів «Graff»! Відвідавши нас ви відчуєте себе королем нашого графства та поринете в епоху середньовіччя. А з нашими майстринями ви проведете незабутній час та отримаєте лише позитивні емоції та найкращий відпочинок. Спеціально для вас ми розробили найкращі програми, та незалежно від того,яку ви оберете, будете задоволені на всі 100%. У нашому салоні ви себе відчуєте бажаним гостем та запам‘ятаєте цей відпочинок назавжди. Здійсніть свої мрії та завітайте до нас! На ваш вибір найгарніші масажистки, які вас чекають 24/7. Ми знаходимося за зручною локацією у центрі міста, тому раді вас бачити та чекаємо у гості! Гарантуємо гарний настрій та незабутні відчуття ейфорії!"}},"localizations":{"data":[{"attributes":{"text":"Welcome to the new, grandest salon of erotic massage in the city of Lviv «Graff»! When you visit us, you will feel like the king of our county and immerse yourself in the Middle Ages. And with our craftsmen, you will spend an unforgettable time and get only positive emotions and the best rest. We have developed the best programs, especially for you, and regardless of which one you choose, you will be 100% satisfied. You will feel like a welcome guest in our salon and remember this vacation forever. Make your dreams come true and visit us! Your choice of the most beautiful masseuses waiting for you 24/7. We are conveniently located in the city center, so we are happy to see you and look forward to your visit! We guarantee a good mood and unforgettable feelings of euphoria!"}}]},"image":[{"localFile":{"childImageSharp":{"gatsbyImageData":{"layout":"constrained","backgroundColor":"#080808","images":{"fallback":{"src":"/static/69960f5d080b7d9fd9b8cf61fa16851f/27697/2_111642515c.jpg","srcSet":"/static/69960f5d080b7d9fd9b8cf61fa16851f/f726c/2_111642515c.jpg 125w,\n/static/69960f5d080b7d9fd9b8cf61fa16851f/38864/2_111642515c.jpg 250w,\n/static/69960f5d080b7d9fd9b8cf61fa16851f/27697/2_111642515c.jpg 500w","sizes":"(min-width: 500px) 500px, 100vw"},"sources":[{"srcSet":"/static/69960f5d080b7d9fd9b8cf61fa16851f/33105/2_111642515c.webp 125w,\n/static/69960f5d080b7d9fd9b8cf61fa16851f/db940/2_111642515c.webp 250w,\n/static/69960f5d080b7d9fd9b8cf61fa16851f/d7111/2_111642515c.webp 500w","type":"image/webp","sizes":"(min-width: 500px) 500px, 100vw"}]},"width":500,"height":667}}}}]}}]}}}